Operation,Time
debug,0.000005
debug,0.000004
debug,0.000004
debug,0.000004
debug,0.000004
debug,0.000003
debug,0.000004
debug,0.000004
debug,0.000015
