Operation,Iterations,Time,AverageTime
test,1,0.851115,0.851115
test,1,0.843776,0.843776
test,1,0.846479,0.846479
test,1,0.866700,0.866700
test,1,0.864765,0.864765
test,1,0.862037,0.862037
test,1,0.869852,0.869852
test,1,0.871370,0.871370
test,1,0.874590,0.874590
test,1,0.865416,0.865416
