Operation,Time
test,0.000003
test,0.000002
test,0.000002
test,0.000002
test,0.000002
test,0.000002
test,0.000002
test,0.000002
test,0.000002
